{
  "dataset_revision": "a0d554a64d88156834ff5ae9920b964011b16384",
  "mteb_dataset_name": "STS12",
  "mteb_version": "1.7.16",
  "test": {
    "cos_sim": {
      "pearson": 0.7983516030847789,
      "spearman": 0.7097857081769287
    },
    "euclidean": {
      "pearson": 0.8041280611805134,
      "spearman": 0.7207536921468918
    },
    "evaluation_time": 213.1,
    "manhattan": {
      "pearson": 0.8021399697708667,
      "spearman": 0.7202292339158693
    }
  }
}