{
  "dataset_revision": "a0d554a64d88156834ff5ae9920b964011b16384",
  "mteb_dataset_name": "STS12",
  "mteb_version": "1.7.16",
  "test": {
    "cos_sim": {
      "pearson": 0.846953746993021,
      "spearman": 0.7602134305662755
    },
    "euclidean": {
      "pearson": 0.8263996432663487,
      "spearman": 0.734289956538834
    },
    "evaluation_time": 63.54,
    "manhattan": {
      "pearson": 0.8279356618990161,
      "spearman": 0.7361126317773018
    }
  }
}