{
  "dataset_revision": "a0d554a64d88156834ff5ae9920b964011b16384",
  "mteb_dataset_name": "STS12",
  "mteb_version": "1.7.16",
  "test": {
    "cos_sim": {
      "pearson": 0.044973639235465844,
      "spearman": 0.1104035938599628
    },
    "euclidean": {
      "pearson": 0.06806205650763256,
      "spearman": 0.0951702832634331
    },
    "evaluation_time": 267.54,
    "manhattan": {
      "pearson": 0.063060594460815,
      "spearman": 0.08267861660658382
    }
  }
}