{
  "dataset_revision": "a0d554a64d88156834ff5ae9920b964011b16384",
  "mteb_dataset_name": "STS12",
  "mteb_version": "1.7.16",
  "test": {
    "cos_sim": {
      "pearson": 0.876953746993021,
      "spearman": 0.8202134305662755
    },
    "euclidean": {
      "pearson": 0.8563996432663487,
      "spearman": 0.764289956538834
    },
    "evaluation_time": 33.54,
    "manhattan": {
      "pearson": 0.8179356618990161,
      "spearman": 0.7461126317773018
    }
  }
}