{
  "dataset_revision": "a0d554a64d88156834ff5ae9920b964011b16384",
  "mteb_dataset_name": "STS12",
  "mteb_version": "1.7.16",
  "test": {
    "cos_sim": {
      "pearson": 0.8135998636801557,
      "spearman": 0.7236903269585773
    },
    "euclidean": {
      "pearson": 0.7744426094766516,
      "spearman": 0.7236866993285631
    },
    "evaluation_time": 25.47,
    "manhattan": {
      "pearson": 0.7748268457510558,
      "spearman": 0.7236614038555296
    }
  }
}