{
  "dataset_revision": "a0d554a64d88156834ff5ae9920b964011b16384",
  "mteb_dataset_name": "STS12",
  "mteb_version": "1.7.16",
  "test": {
    "cos_sim": {
      "pearson": 0.8918350910524713,
      "spearman": 0.8172192808382047
    },
    "euclidean": {
      "pearson": 0.8359591068285459,
      "spearman": 0.8066732835635522
    },
    "evaluation_time": 661.31,
    "manhattan": {
      "pearson": 0.8329549553583573,
      "spearman": 0.8048535494454213
    }
  }
}