{
  "dataset_revision": "a0d554a64d88156834ff5ae9920b964011b16384",
  "mteb_dataset_name": "STS12",
  "mteb_version": "1.7.16",
  "test": {
    "cos_sim": {
      "pearson": 0.8328013200122332,
      "spearman": 0.7263431191380272
    },
    "euclidean": {
      "pearson": 0.7901342721801289,
      "spearman": 0.7263385944558504
    },
    "evaluation_time": 133.83,
    "manhattan": {
      "pearson": 0.7865899496133796,
      "spearman": 0.7226853161527925
    }
  }
}